stamped_at,record_count,sha256,head_hash,receipt,anchor_event_id
2026-08-30T12:18:48Z,253,c9ccd681ef620670fd3754eca3fbf2c6106415f15b6b96a5dea67277dcbb562c,663b0e06278d7885866c978f64f03ce315c6f9c4aeddd9aa886c9f1e40d87496,20260830-121848-c9ccd681.ots,EVT-3933105CD4DB
2026-08-30T12:52:49Z,254,02e74bb497b4cd0046ed6eef1508010f88877ae2d16b5c5277c5cda49c80c53b,88a352fd06d5e9926a6de495580b70f8cdc45ee40acffa18b5c7f6d8a073291e,20260830-125249-02e74bb4.ots,EVT-7D55D5DFAE83
2026-08-30T20:16:57Z,255,105aa3efe907b9d1737d0e02b1b89426430c7d385ec387f1079ddd3fc56a6c12,23a1d662719cbe4e8ab30e2169cf4ea58c975c171b16d6568dc493e69669bb52,20260830-201657-105aa3ef.ots,EVT-1BFAD1924CA0
2026-08-30T20:17:50Z,256,39ae3a8eda8c569982a8a6585e77b6a26fda91759175f54ae33d03ebe223cbbf,ebd887586766569d26fdc93a30d72b9a1b9ab47b1d8bade5f5842b569a302e31,20260830-201750-39ae3a8e.ots,EVT-2F53C1F3EC59
2026-08-31T03:15:13Z,257,edae4dbd7a406098f86f3d28b378685e026573acc9d083ec6265d7ed249f0dc1,c790f2fcc3b72f72cd5319c366194b20b3205da0cddde4d76007a25066ed6089,20260831-031513-edae4dbd.ots,EVT-A7FE87162376
2026-08-31T03:45:13Z,258,f32a97b5595ab02eeea5ca2fe5d83bacf8260e8ddf001d284d82ac1bb27e2a69,38bfe7d1a633e76fe7606ba49caaddb29ea8f23c909ee7af388b6998f8e77bfd,20260831-034513-f32a97b5.ots,EVT-3ABE015092B6
2026-09-01T03:15:13Z,269,03accdb09fc02732ea05e4d65580cee85369b68126c1f2f4ab027fdddcce5afd,c24f3b753e23d7b71370539ba0400c2f68cc952e3261f5b444aca0806e10161e,20260901-031513-03accdb0.ots,EVT-D53B951E165E
2026-09-01T03:45:03Z,270,d1c0c10ce64ba30c3f6cfe192624d1f366abb84d428408523c0aac5a2688dd3b,fcdd27c00fcd75d3a2337502eded91924e376746eaf9ad9c4312c30d5bacb738,20260901-034503-d1c0c10c.ots,EVT-E1E09E12D47E
2026-09-02T03:15:13Z,279,2d3c788477d2a121066400d8196ba7b3a2957b4362610354f39e3bbfbb41a8fe,a040b9ca8dcb50c42bf27eff0156ce41147f4844df9a4bdbf9867edd4f377017,20260902-031513-2d3c7884.ots,EVT-BB56C778E005
2026-09-02T03:45:03Z,280,ecedaaa1c68a4fe0cf8d8208251f4d87ec33f6eca1fc6eba69e8e4acb5578fff,e93d17518dcb7ca7c6dc0e14be01d4f20718eb498790d106c34264f8f5d6ff4d,20260902-034503-ecedaaa1.ots,EVT-4F3D715804CA
2026-09-03T03:15:08Z,287,30f99a1deff8d887ba3efa7e79ca7ed356ee7d4cfe8ac7369bdbf912cad891b7,eed54abb2053cc562d319724e6b5d628fd1d46d2ecefcdf0498dbf6602be4a44,20260903-031508-30f99a1d.ots,EVT-EB9BBD2D21BD
2026-09-03T03:45:08Z,288,497c16367f69e71dfc5d139cede2774ce57f3ca87469d4cadb9ed4c0f1d80647,88e5f2ffa44e430b8b09d7923087c725d8afe6d12fe7b76620ccdc6b5655c767,20260903-034508-497c1636.ots,EVT-9181F5931D27
2026-09-04T03:15:05Z,299,7ee2dc66a774edda04381542f76d24ef1fc4379be2d2821c01b44c396a142249,95cbb0f3a01465d2585bf97532a6f74a7dfaaf2518c0c827eb235528d583a2ef,20260904-031505-7ee2dc66.ots,EVT-7603CB079603
2026-09-04T03:45:13Z,300,5a4a90689f0aafd93f87be9a40013c29a4f6c237f63396c7b89ca7eac2b29317,beb1e84488b09d7769ca3bd7ec41b2b2272e9b78845a492dde92151ee0e5ca92,20260904-034513-5a4a9068.ots,EVT-641F8C93B62E
2026-09-05T03:15:01Z,310,d0b28cdd47b6a1c95333059afd8d60ebb177bb6a47e33aa12929222de63526ec,28c5f291721e9c3a80a4cb3e09bbd2621bf45ac8500cc6b831ccc85f7fc4c97f,20260905-031501-d0b28cdd.ots,EVT-1547B76F56E1
2026-09-05T03:45:02Z,311,b79632d3dc746afceb1410285bc74634b489d0909f055035edc951008c7affc2,f145d2b11774cc9dc51a0895a4f641ecdf07fd40b9449ab59d09aa1454dcbc66,20260905-034502-b79632d3.ots,EVT-214135D9C4AD
2026-09-06T03:15:13Z,312,8eed2b6bf62fd1abeef2bd6918c2cfcf0928c19f8038706282022df0fdff21e5,d961e8d06ef86593714cce18d265e47846593806aadfcb12fd206da12bc97c04,20260906-031513-8eed2b6b.ots,EVT-3FAFB68F0351
2026-09-06T03:45:13Z,313,0b3f60f9009c9299ee4f10206487cbf4d2522948e21c81458efb8bb7dfc9f1d6,d009b97c808474fc8a62fea0233e103ee64d2ab1db2d030e15bfdc2ffe517c2b,20260906-034513-0b3f60f9.ots,EVT-F673E8387DEF
2026-09-07T03:15:13Z,314,411d1b1512563195d99fc3a6845d469020f714f5bb3646de19bdc140b6155fa4,0ab72ab1c293f4f86fbc04345ad83961f064bc0d3f49ced6b4ed16c1f62fc00f,20260907-031513-411d1b15.ots,EVT-53B480FB99F7
2026-09-07T03:45:07Z,315,a31cef3160444dd16c11e3c36971613da476bbb00b1a7f5520bc9aa23ab2b55d,7951533d2685787af34fa89a38236b57bb23b5a5a3e294b1b4c62fa74c9856f2,20260907-034507-a31cef31.ots,EVT-238C8CB447FF
2026-09-08T03:15:13Z,321,a86116ac48242d443232c9c325ac36a10b551a4d1cb8fc606a363744989bea94,555cdf19c3808356e2b21ac5866e286044dcd588b27818606ba3be7e3394ade5,20260908-031513-a86116ac.ots,EVT-82C00D10569A
2026-09-08T03:45:13Z,322,9da806ed3f9fa86dfa8c5f49cd02d0ac5a9ca841955d7bc02e73f124ea06cb3a,a3a4e2396419b4624449d2632de9aad2c710bce0d52e3226db9134b45b754800,20260908-034513-9da806ed.ots,EVT-F306111793C9
2026-09-09T03:15:13Z,329,f8acd7d8b31b78ecab32ff0b780ecdc0f1e6ab0ad51757601af672f77db1fb5f,a6c657e0e6c95585a98a97c1e7a28e2711057d50b4f0a07b2631e4925dad8483,20260909-031513-f8acd7d8.ots,EVT-A839745CA609
2026-09-09T03:45:07Z,330,23b562e1845d544e052496dd128c89dd6b12c833d8a2eb354bec571729b63899,30812294bdd6436ef8da159e3525faa9c8d9bc9203cc51ce5e0bbc8d6ab464b8,20260909-034507-23b562e1.ots,EVT-813C8DD2838F
2026-09-10T03:15:02Z,331,b283c9069f1958beb7344fa34c22f7d179d34171feee408781ade294656e17a7,f2516a6bb49fd931563099e7b9d9bee44bcbf09096bd24885cb73373c8b16319,20260910-031502-b283c906.ots,EVT-695D2C4878BB
2026-09-10T03:45:10Z,332,a2198e3637b049246dbdb30d3d131b0c0aa00f34da3f48e70171d78bb5ea38df,e7bbe85918ee204a1d8c61fb158f7acf53d7d65a4e03a9bb83c775180645d8ed,20260910-034510-a2198e36.ots,EVT-79DC8CBE453F
2026-09-11T03:15:03Z,343,3ee8de06948e80e151c72614344809287f16d3d105e3283cb0000449c72bdad8,d1c9e9af4fed4028dbaab06fbd9e7281b1e62e00da4a872ba56d263d8b94b9dd,20260911-031503-3ee8de06.ots,EVT-A4790966D107
2026-09-11T03:45:08Z,344,531ddaa12c322e1dfd3262c36fa3ee2fcac76b23f83a7b5e2d4cce0eabf1349c,dd65fdfa15298e841d9317050aa9c5c060491f64dbb42b7f743b6b730f108df9,20260911-034508-531ddaa1.ots,EVT-FE9A246C0261
2026-09-12T03:15:03Z,355,87c5c66a20f9192113c15d4643bfc6dbb264a7dc9a8b26a0574670aea4587842,5a9ef8339a056aac8103a1b229e72c31c9fd338f1d32e2ec219206e9d447c742,20260912-031503-87c5c66a.ots,EVT-11C6F4DC0DA2
2026-09-12T03:45:04Z,356,1d0a4eb80486f982f098d1a18733b0d9aabc040f6c4becef1e99d647fed771db,d7855cb063c618584d0f76512abd6965be9df68ae8d08ebf019801c4e83b3fc5,20260912-034504-1d0a4eb8.ots,EVT-EB32EF5475AB
2026-09-13T03:15:13Z,357,af67534460f0db93ed926f333b6099ccba1e3a952c09c8cb0bf0a33931e2973d,362034a427e653410d9b0a52bba9fa244b16431a0166cfe86b3252b6b45ea4e3,20260913-031513-af675344.ots,EVT-06C52EEB57DC
2026-09-13T03:45:05Z,358,e4f8bcde8ca7bb552fa0b7f302b44b807175373992e5a8c2d5f3bca7db8ce989,9c801ca7550c9e7c691e62ab7fcff49d736016f1b0d9aa1f635d573d6e33f19f,20260913-034505-e4f8bcde.ots,EVT-9E9C8DF5B6E7
2026-09-14T03:15:03Z,359,5b76c46f4116844eb43b16ce466b6ecd22f8fb70e827530b6ce9af0fdd90d078,527f388947d10f74b5f361e72108a478d3244cd24ff39e2f430b6629a9c7d480,20260914-031503-5b76c46f.ots,EVT-F919AF055E66
2026-09-14T03:45:05Z,360,64c37bbf7fa2fa0b2b4fce82e2e8366b1478938b1b7bd58d9bfe860885e4f21e,cc09de9f85790ac96f1ff887aa23d5ae29867aa7fb3e2de04b158067086f9141,20260914-034505-64c37bbf.ots,EVT-8891CE5773B5
2026-09-15T03:15:13Z,370,24156784f1f8e748e124b8fafacd7cfd70e0c4ae81d2cdce7c6d0f6c905eb69d,afc5c4bd802ae3573a1da4a1858c5ee72b98662ba23d2789b3a11bbbe63e5da7,20260915-031513-24156784.ots,EVT-87C1E31815AC
2026-09-15T03:45:12Z,371,1b2697b2c8b173ca0bbd8d7486735d4aeb5c80b29f9df2ad22e126f27d615aa8,2c4b5ac5e78ca1c56d0b26dc7339beabf9ba2073989f57fb19405e9014c0ca2f,20260915-034512-1b2697b2.ots,EVT-FF420639B0EA
2026-09-16T03:15:04Z,384,ace712153ea08ec5712d12fc730499db0e99ce852c1f394d472428a9a93c8dc7,2537e47557d13b15ee5a3d0634d53fc30c9eef9bafeca1f8146ebb1702a1048e,20260916-031504-ace71215.ots,EVT-3980D2EB3F74
2026-09-16T03:45:03Z,385,3f4c8b3f5f3e896463dfc749624bd323502db4deb173c09105d5b46f894e552b,474389fa79e33bb6ded2724c0c734dceb13abd6eda6c6b38551c5e77f5bb7890,20260916-034503-3f4c8b3f.ots,EVT-120BC3164272
2026-09-17T03:15:13Z,395,4d1d7201622195aa7883561c3c8cb4c6882f3baec49a391e6cd255531ea5642d,cc9f50cc62b27d60f4e6cebcc664ff218df1c4fa4fec51772713f7b3edd5a2a0,20260917-031512-4d1d7201.ots,EVT-B9794F50EC8B
2026-09-17T03:45:13Z,396,9e2330068d1008b72a228342634a7ed401d976a6609c7415cf86e775561e6581,db4a0a2a1f040ac74a8bf07617af99e55ce5561f12288df9d41e9a1b5c161014,20260917-034513-9e233006.ots,EVT-D14885131968
2026-09-18T03:15:14Z,404,b5bc50b685ffa1e445192eab1d3e80c5eed52b95bbb34258b3b6e0298ed223ed,fe4c947932aa993ead7312ce508e65f3f0638acb9cf2e51eab84441539bafff9,20260918-031514-b5bc50b6.ots,EVT-FE3A7E77C620
2026-09-18T03:45:12Z,405,8fdb06d398bfa1a4bcf59badf9cbb6e781042f743dacb11dfbf0f9417fbcda7a,d3eac41837158d66ca777d0fccc246dd7d94544f28a3bfabd809b0e2c7ccd69a,20260918-034512-8fdb06d3.ots,EVT-A6C8C426F437
2026-09-19T03:15:07Z,411,b8f10cc2fe39c8c8fd0ea092d7fca0387b7887094aa30794ee952dcb549f3ba1,2c0f31399414a3ff048b756991d3bbadbedb3a70484a8e2e9229f84e8d4e09d3,20260919-031507-b8f10cc2.ots,EVT-4DCAA319E282
2026-09-19T03:45:03Z,412,b321ff9e709ff2e1ce1b75cbc54fd52b0ba1678060d6744de008f7a63cb10542,9a537b3834f0073ca7616e664fbfc80475919b2587b8b95530ab5dfcfb21fcc8,20260919-034503-b321ff9e.ots,EVT-A3D1B5578FE9
2026-09-20T03:15:13Z,413,0dd9ec623d905edf59aa12434cec0261ecd0d031a7f4127a12fa1d74b0c4a390,a6fd2f0668a791da5ae734eb3cf3baf6d9df99805b4311fa73ec6f8ae6b45359,20260920-031513-0dd9ec62.ots,EVT-D8B676975BB0
2026-09-20T03:45:09Z,414,1e790a2747e81dddd5c6d30790ae014077af485a6efa75be53a83f5505a42563,2792d3bfdaf015ce4b10ea4cc71c688e7c001a182fc3716fbd913a17a2fa4fc3,20260920-034509-1e790a27.ots,EVT-56CCEFB61D42
2026-09-21T03:15:02Z,415,9a70cb8f5413551c41f945d7810d06e4f9a2810ddcf78c5387ef9d9c4b38b979,7c3891793ee3303d68d2520e68142022dba4013a53ab9135a735b6a6400f5a87,20260921-031502-9a70cb8f.ots,EVT-4153210D743D
2026-09-21T03:45:02Z,416,0f31bd5729623e2d4b1a29661ff82470850828572f1136213f8d600321778f30,361697ae86eb2aca40ff48bef0ec0aeb1d1dcf861f6efdce74aefe0164a68706,20260921-034502-0f31bd57.ots,EVT-77BE63054E8B
2026-09-22T03:15:13Z,444,4cbfe74673e6dc4d4597a606446421886c69f94c4ffd4997f40ba9e97a2eba11,d4a59e20b80447bbc01eb4e631e71a2da338a0bd33985d7f1f0f8ff547d5e57d,20260922-031513-4cbfe746.ots,EVT-59BED7DEA6F9
2026-09-22T03:45:13Z,445,3d624fb77cc6685d073d4c1b14f1306f758bf01e660dbe4d692a0358c9a02b1e,762e360edebdcc4f2a1339a0b97374525a3cb1bf061252e68c13d047019669e9,20260922-034513-3d624fb7.ots,EVT-CCA09E6068D0
2026-09-23T03:15:13Z,460,440d572ddc9860a7faecc8f1d975bc4ac2b1b74be644ee028edd4c9209798335,242c14a74394b3914068cf4d3db8cd0832f400d29b76e9f67406b0fac06e288e,20260923-031513-440d572d.ots,EVT-5B8A3A5F51B8
2026-09-23T03:45:03Z,461,c2d6fbb8875f3bf1583330b837a82583eabb682f2e89aefc8b01567b59ff4896,040746d60f45dbe5b52b91c0fd436bc7fcd9416888faa4864b3300b74e3a06e3,20260923-034503-c2d6fbb8.ots,EVT-6844D7B63DB5
2026-09-24T03:15:16Z,471,7b5c0f79afff91d3d6ca3214ff187a062d5ea890276a7a2c368e33c06df823da,264ff739bf771b2971c94571e7d74d65334f53ed546930eca8fca5cc3d367920,20260924-031516-7b5c0f79.ots,EVT-514A6B99FC51
2026-09-24T03:45:14Z,472,e577702fa40cbf64091e29787b8dd03c5074c09b8902b763daa70a7589c46f89,5c33ead07e511716e5c28ce10420b4500aadb7105ab272e39b4918a0b15271db,20260924-034514-e577702f.ots,EVT-BC44D18B1FDD
2026-09-25T03:15:15Z,512,6f295db132ac31c96c26b6630e912c8c1536daa5a55013e3b55ad60ceab23de5,fd1e9f39b2160b6e07e6eb138ac22994dc38bc47a78289cbb64d5624a93531d8,20260925-031515-6f295db1.ots,EVT-94B3E947DEB0
2026-09-25T03:45:15Z,513,bbf812faf2debfa4027d963ee3a476aaa913b0c8c8fe6d332e71e2b8abd41e04,19405bf30b603af2dc374cc3951e763c1db6561cebb82a29b7230a7905d22a05,20260925-034515-bbf812fa.ots,EVT-0F30EA1B2273
2026-09-26T03:15:08Z,560,cc98f7d35387fb289d569829da8bbb82c7b11af59a73f1c634ac918124f59e6b,11b4d1a563666b3cb97bbc1ac62b6b94a629813870166cd1e6d79722f1498343,20260926-031508-cc98f7d3.ots,EVT-D39E0697781B
2026-09-26T03:45:02Z,561,f137fe6324ffef2f6aab533e1a178f8693d13c2cbd67a97aabb3d0f61b1b7b84,bf6a691ef322fb47a9325f261efab966738cac53116f408597115bdecbecfbea,20260926-034502-f137fe63.ots,EVT-BF42685E8633
2026-09-27T03:15:07Z,562,11a801899fea351ae38343ba1faf90622fab5b210a3fe72649c53db6856ae6d8,309ef9a1ae481a3b795c5ac4f11b66e42ae54d6ed45b84fc8c6e2774b64e7342,20260927-031507-11a80189.ots,EVT-C98B432FE566
2026-09-27T03:45:01Z,563,58bd7e5945ee79032306ad099988247169ddd3df33a8d95ec5b39e730fa5e48e,ac5b9c36bd8e780621da11e87ff2cbd72ded4b8753acdc26e78e851d1a22abec,20260927-034501-58bd7e59.ots,EVT-33428F0DCD1B
2026-09-28T03:15:04Z,564,8b5ae3a07d58dc4ac69b03e0cb9ac92d9ec8b135e7c64d18ed6ca7867176ce50,aaba3a7c92660f570eebf377aa79577d643bcd3d4b2606ff635f697600cb0b44,20260928-031504-8b5ae3a0.ots,EVT-60E9A362DE5E
2026-09-28T03:45:06Z,565,3cfb1996649068f95ed86812d449910435c6ee9354a8d740a2b783c5d0751985,c1eff15a5774ac6c60d6d88c5561cb22b4f3e1f9b3e21b932194a1a41f19327b,20260928-034506-3cfb1996.ots,EVT-E960E94D5493
2026-09-29T03:15:13Z,566,1c92a2f057dba33d892a1ce87ff5540a87dd40010dfdf4948bcb964ce6ab3c9e,83ce85bc67f9b394fc2684a1b3856b8b25de0223780f36f4905e668d21eff499,20260929-031513-1c92a2f0.ots,EVT-D6F8B6E36F81
2026-09-29T03:45:16Z,567,d00e24b8014d31f890dc36efb46da60cd3c1877cf3ee58f166112a30fd67b783,71795cf69c7a058afb0cc58e0a1f0ec477721dadc557bf310d7ff3d9f0a65e50,20260929-034516-d00e24b8.ots,EVT-022CE484B2E8
2026-09-30T03:15:06Z,568,6038cc83f740c1f51b6e86c92d73b172d29434de57d8a1f3ff3e28f01a25876f,fb13f87e35101a9b28166a4b7f1fb8d1a135747a0091540e72e3450329ed6bf9,20260930-031506-6038cc83.ots,EVT-7281FBABFD0C
2026-09-30T03:45:09Z,569,c9813a736795dc706c9635fc300529efd1053003a85f70623c9ab44091273001,72ab67afa14754d3aeb4e0b1469c39a7beb08a1baac8e6744d8d90f7f32c5f93,20260930-034509-c9813a73.ots,EVT-28DB99E6C356
2026-10-01T03:15:03Z,570,301070ea1575a4160f4604df2a3665198716341d994b42357dc6d37018dc4e46,15a755fd75ee42e7c29ec45b8756fe6d12c8ec18812957db9007b117e7625c0c,20261001-031503-301070ea.ots,EVT-E1C9CD056808
2026-10-01T03:45:13Z,571,45bb4325d49ea24b4f96832248d8c5fe2a77e2c268d967cff56cf4c703b07441,687edac7ca914223130d63f70f3d596e93131a15166a68db12861e413fdac295,20261001-034513-45bb4325.ots,EVT-D8AA5622B8AF
2026-10-02T03:15:03Z,572,23309d3608164db348345f321af7a293e25441182c0d6b047cd8934ad75f9bdc,3689da48ae5b6a221394e33d7e0245214f7b99a8f2fda7a8a440824b4ebdff04,20261002-031503-23309d36.ots,EVT-54575594180F
2026-10-02T03:45:05Z,573,f194d4f083e9f8c3624779e17bbfad1f06da4474b176a75cf72b2c43363a2c22,74810ca35c3c9aff3d4595fee8bd306754f3d83194cd4fd933d80d636723b177,20261002-034505-f194d4f0.ots,EVT-EB4020D2D6F3
2026-10-03T03:15:07Z,574,050e4a2b0518ff3915391c9465a7c92c6dbe96a074b182a9b3044d254577775f,d2c3aec903620b4cf93e0b73e8a208677ea6f2f87e277dfcfc61ecb21080a755,20261003-031507-050e4a2b.ots,EVT-DE49E9BFA3E7
2026-10-03T03:45:01Z,575,cdb522acb293b8ffbbdebd709db4d4a9da6fe1d0337a5fdc3ee6de4e9a531d6c,56039cdc1ff87561f8fa123160a82d3e9cef3aea32c95f1ab1745f5939cee353,20261003-034501-cdb522ac.ots,EVT-3C7CCC99FF13
2026-10-04T03:15:04Z,576,d472e31e418ff1a730bb4579d5bbd63bab3520525c89f00144d8bd0c43d996a5,39b10fdff5924062b66989c0748b32948e3e2d030ecbc5b6103ffa5756cddde0,20261004-031504-d472e31e.ots,EVT-835EEDDF5175
2026-10-04T03:45:07Z,577,8226285891fda6c80fcf3b190bc24c007aa8994fc11218ee2cd9fa57bfac2fc5,72eca46bd11cc9703cb782455cad63e16b1e905f70bce426a4cddcd98e070210,20261004-034507-82262858.ots,EVT-763EE0922B09
2026-10-05T03:15:03Z,578,f73beee8b3e822b38fa47da376f5f27d7459ed6df21ac35c1bca021e5171179f,0670a022a74cb240dde98e89d035fa140c691a386ecec761802441361252578e,20261005-031503-f73beee8.ots,EVT-3486BF72515C
2026-10-05T03:45:05Z,579,da528ba0cff7c8725611c2783b7b54ac84e10c8009a615eb4290341c78b7aa32,da8f71c8ea3554473445b331c9210dbc9d240f6ea38d943724d0e792acadcf6d,20261005-034505-da528ba0.ots,EVT-B8FCEB945409
2026-10-06T03:15:01Z,580,0ea873535d0b950fe80e837abb28977b6ab2dc1c242a51de7f0a1a6238012bce,0812ce0e66f689ef2dc464a9fa563aad80da3a0f348491007e5f35a955c034dd,20261006-031501-0ea87353.ots,EVT-4A494D999CEA
2026-10-06T03:45:06Z,581,c6a551cbbd2ef5d44b04f27ea5f146bb8982aca25a50e891ee79e107432b1bf3,c747e603801d9cff5b529ea5f3f4f04d685457bfec27ed64c0b9dac484f6e955,20261006-034506-c6a551cb.ots,EVT-7BFE3BD811B1
2026-10-07T03:15:04Z,582,caadd671711b57f8eadb89dc4be45f16b8d570cb71b05885b1d8138754e1d0ff,e654675aa8dafd14b479d3df84c4952b25d37d075ac17c806602e1628256f2ca,20261007-031504-caadd671.ots,EVT-BF79989E59B9
2026-10-07T03:45:03Z,583,7697d36dda268d64a459853d702c96c12f80d7c14f989adfb8736b92edc3bfba,1a98b50f3d2e33d61673f5f668c77663c68837f14ceef02cbf72e8fbc796e6d1,20261007-034503-7697d36d.ots,EVT-304FB5361B7A
2026-10-08T03:15:14Z,584,abc2b89985dd450f94001da4b71e2a4d420ad63c683bb2f3f94ee593d8845709,d02df1a31e46c72fe918d4c2cb7cd5a4afdc2387a3e34e67827efae75150ff69,20261008-031514-abc2b899.ots,EVT-0012933DFA78
2026-10-08T03:45:01Z,585,11a85e1511b19a5340c8a5530004c6e5189117b85c4ae5635c91361242a7c0bf,c03ea6ccf9ebd09853561b6c2efc3f716a21c6302a05682f2dda0c2041507ad2,20261008-034501-11a85e15.ots,EVT-3D2750B9E785
